qrCode,vehicleId,identificationCode,sku,action,status,message
https://tier.app/AE163172,iJnpCC00XWhKf9Fvca23,163172,SO04T10,Eingehende Assets,Success,Im Lager
https://qr.tier-services.io/CA600417,,,,Eingehende Assets,Failure,Fahrzeug nicht gefunden!
https://tier.app/AF360681,VzqS5N5LtTtTZGDgZfzv,360681,SN03T10,Eingehende Assets,Success,Im Lager
https://tier.app/AF363125,BQ2UD1gynyDdNHI0Rtvo,363125,SN03T10,Eingehende Assets,Success,Im Lager
https://tier.app/AE153255,eIvXDh5zucrx8CWpiMu8,153255,SO04T10,Eingehende Assets,Success,Im Lager
https://tier.app/AE209920,m7IaTlKE24tBduBnyRlw,209920,SO04T10,Eingehende Assets,Success,Im Lager
https://tier.app/AE128064,fNKJqkEnda7cAWUwoIh9,128064,SO04T10,Eingehende Assets,Success,Im Lager
https://tier.app/AE340153,ZtkLltzOYzU5h9XdIpUg,340153,SO04T10,Eingehende Assets,Success,Im Lager
https://tier.app/AE142014,oRPe3vbxndnkmE9BzHZn,142014,SO04T10,Eingehende Assets,Success,Im Lager
https://tier.app/AE152954,PRB36u8F6ii4fgUR0EjQ,152954,SO04T10,Eingehende Assets,Success,Im Lager
https://tier.app/AE176996,iOJ0SZs5HxlhKuctnKc2,176996,SO04T10,Eingehende Assets,Success,Im Lager
https://tier.app/AE134783,AZnw2WtncEanxymsyCI7,134783,SO04T10,Eingehende Assets,Success,Im Lager
https://tier.app/AE204903,NMLUBp1i1LUp0wkZqyPw,204903,SO04T10,Eingehende Assets,Success,Im Lager
https://tier.app/AE168354,6mDVQ58Zzmj9bDJ5J7ID,168354,SO04T10,Eingehende Assets,Success,Im Lager
https://tier.app/AE152678,QgjSUDT2OgGEXqZxmfyZ,152678,SO04T10,Eingehende Assets,Success,Im Lager
https://tier.app/AE147610,wb1mIjlBt4Aju7S0Wh4G,147610,SO04T10,Eingehende Assets,Success,Im Lager
https://tier.app/AE212190,Ejw4JPXtJ3W5dKirf7d5,212190,SO04T10,Eingehende Assets,Success,Im Lager
https://tier.app/AE128208,Xyyont3GpMdRJinFAML5,128208,SO04T10,Eingehende Assets,Success,Im Lager
https://tier.app/AE152688,xrF0h8DnfgQ2J2w6KMg9,152688,SO04T10,Eingehende Assets,Success,Im Lager
https://tier.app/AE206181,RZGwlvWSwxTHc02IARBg,206181,SO04T10,Eingehende Assets,Success,Im Lager
https://tier.app/AE201822,9lw2VaLe6lQBWEEeLsZ8,201822,SO04T10,Eingehende Assets,Success,Im Lager
https://tier.app/AE215559,isxoZpOxVRwnswHufvzW,215559,SO04T10,Eingehende Assets,Success,Im Lager
https://tier.app/AE197547,lJYVqelNKdFoeRVYv3Ft,197547,SO04T10,Eingehende Assets,Success,Im Lager
https://tier.app/AE129993,G07p76rlkLSjJmSJvSvW,129993,SO04T10,Eingehende Assets,Success,Im Lager
https://tier.app/AE193812,H8D7YNM3IvdEaaRpEZY6,193812,SO04T10,Eingehende Assets,Success,Im Lager
https://tier.app/AE156090,ZbFPrFl3neITSNyXpquV,156090,SO04T10,Eingehende Assets,Success,Im Lager
https://tier.app/AE209454,ZdWBDMJwyMt0i7SZMO5O,209454,SO04T10,Eingehende Assets,Success,Im Lager
https://tier.app/AE217455,pz57QogZGR7zu2ro708h,217455,SO04T10,Eingehende Assets,Success,Im Lager
https://qr.tier-services.io/BB217291,zaCBLlHqNe6s3Fa6licf,217291,SO04T10,Eingehende Assets,Success,Im Lager
https://tier.app/AE165387,28c4AzflW1uWVx3OgFmj,165387,SO04T10,Eingehende Assets,Success,Im Lager
https://tier.app/AE151730,7jSZgDKbUuR49lcFaLsj,151730,SO04T10,Eingehende Assets,Success,Im Lager
https://tier.app/AE135954,Yz4BJDRZ0s4Mh1q4nPoX,135954,SO04T10,Eingehende Assets,Success,Im Lager
https://tier.app/AE204535,blSdrX7pHZHnWxFcrcyZ,204535,SO04T10,Eingehende Assets,Success,Im Lager
https://tier.app/AE168248,R19diEikeWmTDo00eLon,168248,SO04T10,Eingehende Assets,Success,Im Lager
https://tier.app/AE146527,nGch0AeoBYXei4hZyiOq,146527,SO04T10,Eingehende Assets,Success,Im Lager
https://tier.app/AE153495,UZTnmswO2sf872wc9i3A,153495,SO04T10,Eingehende Assets,Success,Im Lager
https://tier.app/AE132339,hKISwGd7JOt86PHppOuS,132339,SO04T10,Eingehende Assets,Success,Im Lager
https://tier.app/AE154766,h3TKVdFWLG41gzRG9w3q,154766,SO04T10,Eingehende Assets,Success,Im Lager
https://tier.app/AE169777,RgTRFUOcTO44gqRE34D4,169777,SO04T10,Eingehende Assets,Success,Im Lager
https://tier.app/AE152123,3RRREJZfe63ieYkClabQ,152123,SO04T10,Eingehende Assets,Success,Im Lager
https://tier.app/AE151475,V6H1WoXBVE24WWWj3Xgg,151475,SO04T10,Eingehende Assets,Success,Im Lager
https://tier.app/AE170258,ydiuPU8WvTAdicIAZR3H,170258,SO04T10,Eingehende Assets,Success,Im Lager
https://tier.app/AE161778,nmlK55TUY1hJuWLncuLw,161778,SO04T10,Eingehende Assets,Success,Im Lager
https://tier.app/AE135821,Z8TrnEXRDL2I2GaD100g,135821,SO04T10,Eingehende Assets,Success,Im Lager
https://tier.app/AE201497,hz5L6DooTtEgRVdcyOfT,201497,SO04T10,Eingehende Assets,Success,Im Lager
https://tier.app/AE165670,8wRtUMXOgI5Ntu3teMmg,165670,SO04T10,Eingehende Assets,Success,Im Lager
https://tier.app/AE202853,z76wB6c6pmcts2Sd8TuJ,202853,SO04T10,Eingehende Assets,Success,Im Lager
https://tier.app/AE158978,xB32u6NNdIIchBiKkIkZ,158978,SO04T10,Eingehende Assets,Success,Im Lager
https://tier.app/AE207225,ChkGsmbhfGa8I3aikggY,207225,SO04T10,Eingehende Assets,Success,Im Lager
https://tier.app/AE153246,l4uZVsiLl0yL7Sp1qKL7,153246,SO04T10,Eingehende Assets,Success,Im Lager
https://tier.app/AE191744,NuLTnplY517K7HjQdVdJ,191744,SO04T10,Eingehende Assets,Success,Im Lager
https://tier.app/AE129446,2si97LSHMS8BB63LevrQ,129446,SO04T10,Eingehende Assets,Success,Im Lager
https://tier.app/AE129770,In2fIQSEjJo05PPgQQwW,129770,SO04T10,Eingehende Assets,Success,Im Lager
https://tier.app/AE211537,7T62o1PM5yWodGv7FcKu,211537,SO04T10,Eingehende Assets,Success,Im Lager
https://tier.app/AE207154,yQaN1PvyzKIJubXXFsxb,207154,SO04T10,Eingehende Assets,Success,Im Lager
https://tier.app/AE128226,BWP7OssBwhxImgcAMxTi,128226,SO04T10,Eingehende Assets,Success,Im Lager
https://tier.app/AE131833,XR1KT4NQXq69ISU5AYrd,131833,SO04T10,Eingehende Assets,Success,Im Lager
https://tier.app/AE201508,e4KY9urlAE4Uw8kKlRJK,201508,SO04T10,Eingehende Assets,Success,Im Lager
https://tier.app/AE184445,H6elbBMzcPodH5aDhGjD,184445,SO04T10,Eingehende Assets,Success,Im Lager
https://tier.app/AE153257,4opCsKWgD4FJ4EWOFl04,153257,SO04T10,Eingehende Assets,Success,Im Lager
https://tier.app/AE132828,wE3oNw2vQ1rrCo6RKhRs,132828,SO04T10,Eingehende Assets,Success,Im Lager
https://tier.app/AE193018,1n6EV5byvskjEhAqmv1W,193018,SO04T10,Eingehende Assets,Success,Im Lager
https://tier.app/AE130296,ot2qBFIhPYFr3390ovX6,130296,SO04T10,Eingehende Assets,Success,Im Lager
https://tier.app/AE202308,2B0mLHOQrEejp6XUZe9B,202308,SO04T10,Eingehende Assets,Success,Im Lager
https://tier.app/AE133258,6RUIwCZZmSACq8MpaJ6X,133258,SO04T10,Eingehende Assets,Success,Im Lager
https://tier.app/AE202099,cYqFd7RBejDG8GQvljFH,202099,SO04T10,Eingehende Assets,Success,Im Lager
https://tier.app/AE153141,JUIB1QLKv3lMFSFTr47n,153141,SO04T10,Eingehende Assets,Success,Im Lager
https://tier.app/AE204405,GGdSwcOjNNtqGKIGpqa4,204405,SO04T10,Eingehende Assets,Success,Im Lager
https://v.ridedott.com/153420,2kdBDoZ7JFsCObDVRng5,153420,SO04T10,Eingehende Assets,Success,Im Lager
